name,functions,color,precision,company,productURL,photoURL,favorite,rating,notes,,
AEROSTOMP,,,,Acoustica Audio,https://www.acustica-audio.com/system/akfp/file_entries/files/000/002/152/original/Aero_Stomp_teaser_001.png?1654007938,https://www.acustica-audio.com/system/akfp/file_entries/files/000/002/149/original/Aero_Amp_teaser_001.png?1654007935,FALSE,3,,,
AEROAMP,,,,Acoustica Audio,https://www.acustica-audio.com/store/products/aerovolumea,https://www.acustica-audio.com/system/akfp/file_entries/files/000/002/149/original/Aero_Amp_teaser_001.png?1654007935,FALSE,3,,,
AMEK EQ 200,,,,Brainworx,https://www.plugin-alliance.com/en/products/amek_eq_200.html,https://www.brainworx.audio/assets/images/d/Amek-EQ-200-16d7ec65-c6b3f16d.png,TRUE,5,,,
Ampeg B15N,,,,Ampeg,https://www.plugin-alliance.com/en/products/ampeg_b15n.html,https://ampeg.com/images/Heritage-B-15_FRONTHEAD.jpg,FALSE,3,,,
Ampeg SVTVR Classic,,,,Ampeg,https://www.plugin-alliance.com/en/products/ampeg_svtvr_classic.html,https://media.uaudio.com/assetlibrary/a/m/ampeg_svt-vr_carousel_1_@2x_1.jpg,FALSE,3,,,
AMPER,,,,Analog Obsession,https://www.patreon.com/posts/amper-34769708,https://c10.patreonusercontent.com/4/patreon-media/p/post/34769708/6b7b040ab8f549408c15ea4355b1f9bb/eyJ3Ijo2MjB9/1.png?token-time=1657756800&token-hash=JtT80dj86GaWn_iOMP-dnAKug_u51NbLeHTBU58tdKc%3D,FALSE,3,,,
Analog Lab 4,,,,Arturia,https://www.arturia.com/products/analog-classics/analoglab,https://medias.arturia.net/images/products/analoglab-4/catalog-image.png,FALSE,3,,,
Analog Lab V,,,,Arturia,https://www.arturia.com/products/analog-classics/analoglab,https://medias.arturia.net/images/products/analoglab-4/catalog-image.png,FALSE,3,,,
Atmos 2,,,,Electronik Sound Lab,https://www.kvraudio.com/product/atmos-2-by-electronik-sound-lab,https://electroniksoundlab.com/wp-content/uploads/2019/12/ATMOS-2-GUI.png,FALSE,3,,,
Augmented STRINGS,,,,Arturia,https://www.arturia.com/products/software-instruments/augmented-strings-intro/overview,https://medias.arturia.net/images/products/augmented-strings-intro/morph-transition.jpg,FALSE,3,,,
Autoformer,,,,UnitedPlugins,https://unitedplugins.com/Autoformer/,https://unitedplugins.com/webtemp/imagecache/img_file/56/116.1280x720-fit.v1583853894.jpg,FALSE,3,,,
AVOX DUO,,,,Antares,https://www.antarestech.com/product/duo/,https://www.antarestech.com/wp-content/uploads/2019/07/Duo-Macbook-Compressed.png,FALSE,3,,,
Bettermaker EQ232D,,,,Bettermaker,https://www.plugin-alliance.com/en/products/bettermaker_eq232d.html,"https://static.wixstatic.com/media/53367c_3a7ea4545e8245c281b1be55b8319443~mv2.jpg/v1/fill/w_1200,h_512,al_c,q_85,usm_0.66_1.00_0.01,enc_auto/pluginnew.jpg",TRUE,5,,,
Black Box Analog Design HG-2,,,,Black Box Analog Design,https://www.plugin-alliance.com/en/products/black_box_analog_design_hg-2.html,https://blackboxanalog.com/wp-content/uploads/2014/10/HG-2-Front-Panel-for-web-smaller-1.jpg,FALSE,3,,,
Black Box Analog Design HG-2MS,,,,Black Box Analog Design,https://www.plugin-alliance.com/en/products/black_box_analog_design_hg-2ms.html,https://blackboxanalog.com/wp-content/uploads/2014/10/HG-2-Front-Panel-for-web-smaller-1.jpg,TRUE,5,,,
BLACK GURU,,,,Acoustica Audio,https://www.acustica-audio.com/store/t/acqua,https://www.acustica-audio.com/spree/products/1846/image_taxon_show/vola-gallery.png?1627055095,FALSE,3,,,
BLACK,,,,Acoustica Audio,https://www.acustica-audio.com/store/t/acqua,https://www.acustica-audio.com/spree/products/1846/image_taxon_show/vola-gallery.png?1627055095,TRUE,4,,,
BlackVibe,,,,Analog Obsession,https://freevstplugins.net/analog-obsession-blackvibe/,https://freevstplugins.net/wp-content/uploads/2021/04/Analog-Obsession-BlackVibe.jpg,FALSE,3,,,
BritChannel,,,,Analog Obsession,https://www.patreon.com/posts/britbundle-47018376,https://c10.patreonusercontent.com/4/patreon-media/p/post/47018376/226c62bd1d064272a1aec9b2e51b4a9f/eyJ3Ijo2MjB9/1.png?token-time=1657756800&token-hash=9CNdqRt_Fgx2DW-o-CZoGqYZU04kSiqjg2kRGfYLahQ%3D,FALSE,3,,,
BritPre,,,,Analog Obsession,https://www.patreon.com/posts/britbundle-47018376,https://c10.patreonusercontent.com/4/patreon-media/p/post/47018376/226c62bd1d064272a1aec9b2e51b4a9f/eyJ3Ijo2MjB9/1.png?token-time=1657756800&token-hash=9CNdqRt_Fgx2DW-o-CZoGqYZU04kSiqjg2kRGfYLahQ%3D,FALSE,3,,, 
Britpressor,,,,Analog Obsession,https://www.patreon.com/posts/britbundle-47018376,https://c10.patreonusercontent.com/4/patreon-media/p/post/47018376/226c62bd1d064272a1aec9b2e51b4a9f/eyJ3Ijo2MjB9/1.png?token-time=1657756800&token-hash=9CNdqRt_Fgx2DW-o-CZoGqYZU04kSiqjg2kRGfYLahQ%3D,FALSE,3,, ,
BUSTERse,,,,Analog Obsession,https://www.patreon.com/posts/busterse-42658623,https://c10.patreonusercontent.com/4/patreon-media/p/post/42658623/e4b79a38c83c4194b56dd4b866f81b85/eyJ3Ijo2MjB9/1.png?token-time=1657756800&token-hash=-qzlD6LmofXPPzx872WFmIPlWFrETc7F1BIQYQdWE9s%3D,FALSE,3,,, 
bx_cleansweep V2,,,,Brainworx,https://www.plugin-alliance.com/en/products/bx_cleansweep_v2.html,https://brainworx.audio/assets/images/6/bx_cleansweep_v2_4xScreenshot-blanc_V1-372d2516.png,FALSE,3,,,
bx_console AMEK 9099,,,,Brainworx,https://www.plugin-alliance.com/en/products/bx_console_amek_9099.html,https://brainworx.audio/assets/images/5/Screenshot%20Stereo%20Action%20New-46c2ae05.png,TRUE,4,,,
bx_console Focusrite SC,,,,Brainworx,https://brainworx.audio/products.html,https://brainworx.audio/assets/images/b/Brainworx_bx_console_Focusrite_sc-fb4061cb.png,TRUE,4,,,
bx_masterdesk Classic,,,,Brainworx,https://brainworx.audio/products.html,https://brainworx.audio/assets/images/e/4xScreenshot%20bx_masterdesk%20Classic%201-c930d06e.png,FALSE,3,,,
bx_masterdesk,,,,Brainworx,https://brainworx.audio/products.html,https://brainworx.audio/assets/images/c/Brainworx_bx_masterdesk-2xScreenshot_V1-d8c0708c.png,FALSE,3,,,
bx_oberhausen,,,,Brainworx,https://www.plugin-alliance.com/en/products/bx_oberhausen.html,https://brainworx.audio/assets/images/2/02-BX_bx_oberhausen-Hero_Template-GUI-2e8a2b62.png,TRUE,3,,,
bx_opto Pedal,,,,Brainworx,https://brainworx.audio/products.html,https://www.brainworx.audio/assets/images/4/bx_optoPedal-2xScreenshot-action-transparent_V1-cc396434.png,FALSE,3,,,
bx_opto,,,,https://www.plugin-alliance.com/en/products/bx_opto.html,,https://www.brainworx.audio/assets/images/5/bx_opto-600-4xScreenshot-blanc_V1-aca0e985.png,TRUE,4,,,
bx_refinement,,,,Brainworx,https://brainworx.audio/products.html,https://www.brainworx.audio/assets/images/f/bx_refinement-2xScreenshot-action-blanc_V1-7b76a36f.png,TRUE,5,,,
bx_rockrack V3 Player,,,,Brainworx,https://brainworx.audio/products.html,https://www.brainworx.audio/assets/images/d/bx_rockrackcrunch800-4xScreenshot-amp-default-transparent_V1-6210c8dd.png,FALSE,3,,,
bx_solo,,,,Brainworx,https://brainworx.audio/products.html,https://www.brainworx.audio/assets/images/7/bx_solo-4xScreenshot-blanc_V1-3cef2847.png,FALSE,3,,,
bx_subfilter,,,,Brainworx,https://brainworx.audio/products.html,https://www.brainworx.audio/assets/images/5/bx_subfilter-4xScreenshot-action-transparent_V1-af2bb1a5.png,FALSE,3,,,
bx_tuner,,,,Brainworx,https://brainworx.audio/products.html,https://www.brainworx.audio/assets/images/2/bx_tuner-2xScreenshot-action-blanc_V1-ed3ec962.png,FALSE,3,,,
COFFEEPUN,,,,Acoustica Audio,https://www.acustica-audio.com/store/t/acqua/free/coffeethepun,https://www.acustica-audio.com/spree/taxons/179/taxon_page_image/Coffee_thePUn_teaser_003.png?1585831535,FALSE,3,,,
CORALBAXTER,,,,https://www.acustica-audio.com/store/t/acqua/free,,https://www.acustica-audio.com/spree/taxons/181/taxon_page_image/Coral_BAXTER_teaser_002.png?1585832345,TRUE,4,,,
Creepy Piano,,,,Electronik Sound Lab,https://electroniksoundlab.com/creepy-piano-2/,https://electroniksoundlab.com/wp-content/uploads/2021/10/NUEVO-PLUGIN-HALLOWEEN-08-DEMO-GUI-2.png,FALSE,3,,,
Cymatics Diablo Lite,,,,Cymatics,https://cymatics.fm/pages/diablo-lite,https://cdn.shopify.com/s/files/1/0129/7698/0032/files/min-diablo-lite-min-v3.png?v=1609443733,FALSE,3,,,
Cymatics Origin,,,,Cymatics,https://cymatics.fm/products/origin-vintage-plugin,https://cdn.shopify.com/s/files/1/0129/7698/0032/files/min-origin-main-img.png?v=1628604802,FALSE,3,,,
Darksichord 2,,,,Electronik Sound Lab,https://electroniksoundlab.com/free-stuff/,https://electroniksoundlab.com/wp-content/uploads/2020/08/DARKSICHORD-2-GUI.png,FALSE,3,,,
Darksichord,,,,Electronik Sound Lab,https://electroniksoundlab.com/free-stuff/,https://electroniksoundlab.com/wp-content/uploads/2019/11/DARKSICHORD-GUI.png,FALSE,3,,,
Dexed,,,,Dexed,https://asb2m10.github.io/dexed/,https://vstwarehouse.com/wp-content/uploads/2020/01/dexed.png,FALSE,3,,,
DrMS,,,,Matthew Lane,https://www.mathewlane.com/plugins/drms/,https://www.mathewlane.com/mlmosssite/wp-content/uploads/edd/2021/04/Mathew_Lane_DrMS_Screenshot_GLOW.png,TRUE,5,,,
Drumart SLD,,,,Electronik Sound Lab,https://freevstplugins.net/electronik-sound-lab-drumart-sld/,https://freevstplugins.net/wp-content/uploads/2021/02/Electronik-Sound-Lab-Drumart-SLD.jpg,FALSE,3,,,
elysia niveau filter,,,,elysia,https://www.elysia.com/plugins/niveau-filter/,https://www.elysia.com/wp-content/uploads/2019/12/the_origin.jpg.webp,FALSE,3,,,
elysia phils cascade,,,,elysia,https://www.plugin-alliance.com/en/products/elysia_phils_cascade.html,https://imgs.search.brave.com/V7xjk4Nxzc-avTIgJKCTxLOxiEvPXdijM8r2UBnLyMU/rs:fit:1200:1004:1/g:ce/aHR0cHM6Ly9maWxl/cy5wbHVnaW4tYWxs/aWFuY2UuY29tL3By/b2R1Y3RzL2VseXNp/YV9waGlsc19jYXNj/YWRlL2ltYWdlcy9j/YXJvdXNlbC9TY3Jl/ZW5zaG90LmpwZw,TRUE,4,,,
EMINENCE,,,,Acoustica Audio,https://www.acustica-audio.com/pages/specials/eminence,https://www.acustica-audio.com/pictures/W1siZiIsIjIwMjEvMTIvMTcvMTRwYmlucHV2c19lbWluZW5jZV94bWFzX3BpYy5wbmciXV0/eminence%20xmas%20pic.png?sha=7bb7acd09e299e4d,TRUE,3,,,
emvoiceone,,,,emvoice,https://emvoiceapp.com/,https://imgs.search.brave.com/ZyFfeBEBv-X902gAem7RjHIjPZwiqqiWgHqzoEWvpJo/rs:fit:1200:1124:1/g:ce/aHR0cHM6Ly9zdGF0/aWMua3ZyYXVkaW8u/Y29tL2kvYi9lbXZv/aWNlX2pheV8xX21h/aW4ucG5n,TRUE,3,,,
ERINCOMPST,,,,Acoustica Audio,https://www.acustica-audio.com/store/products/erin,https://www.acustica-audio.com/system/akfp/file_entries/files/000/001/409/original/Erin_EQ_Stereo_teaser_002.png?1591708939,TRUE,5,,,
ERINEQMID,,,,Acoustica Audio,https://www.acustica-audio.com/store/products/erin,https://www.acustica-audio.com/system/akfp/file_entries/files/000/001/409/original/Erin_EQ_Stereo_teaser_002.png?1591708939,TRUE,5,,,
ERINEQST,,,,Acoustica Audio,https://www.acustica-audio.com/store/products/erin,https://www.acustica-audio.com/system/akfp/file_entries/files/000/001/409/original/Erin_EQ_Stereo_teaser_002.png?1591708939,TRUE,5,,,
ESL-110,,,,Electronik Sound Lab,https://electroniksoundlab.com/free-stuff/,https://electroniksoundlab.com/wp-content/uploads/2019/11/ESL110.png,FALSE,3,,,
Flux Mini,,,,Caelum Audio,https://www.caelumaudio.com/CaelumAudio/?Page=FluxMini,https://i.imgur.com/nLqvceX.png,FALSE,3,,,
FRANK,,,,Analog Obsession,https://www.patreon.com/posts/frank-65955720,https://c10.patreonusercontent.com/4/patreon-media/p/post/65955720/394be6a13fda4fae8c978eeb6e69f7fd/eyJ3Ijo2MjB9/1.png?token-time=1657756800&token-hash=ovCwrwNXT4yQUbjUVauWtwYq_8EUclReXoZYhalkKk0%3D,FALSE,3,,,
RS-W2395C,,,,Fuse Audio,https://fuseaudiolabs.com/#/pages/product?id=300965965,https://mycommerce.akamaized.net/api/pimages/P300965965/BIG/300965965.JPG,FALSE,3,,,
VREV-666,,,,Fuse Audio,https://fuseaudiolabs.com/#/pages/product?id=301009892,https://mycommerce.akamaized.net/api/pimages/P301009892/BIG/301009892.JPG,FALSE,3,,,
Glitch,,,,SoundSpot,https://www.soundspot.audio/downloads/glitch-multi-fx-audio-plugin/,https://i.ytimg.com/vi/gx9nFZ9Q2vM/maxresdefault.jpg,TRUE,3,,,
GOLD4COMPT,,,,Acoustica Audio,https://www.acustica-audio.com/store/products/gold,https://www.acustica-audio.com/system/akfp/file_entries/files/000/001/449/original/Gold4_Channelstrip_teasers_004.png?1597150683,TRUE,5,,,
GOLD4EQT,,,,Acoustica Audio,https://www.acustica-audio.com/store/products/gold,https://www.acustica-audio.com/system/akfp/file_entries/files/000/001/449/original/Gold4_Channelstrip_teasers_004.png?1597150683,TRUE,5,,,
GOLD4PRET,,,,Acoustica Audio,https://www.acustica-audio.com/store/products/gold,https://www.acustica-audio.com/system/akfp/file_entries/files/000/001/449/original/Gold4_Channelstrip_teasers_004.png?1597150683,TRUE,5,,,
GOLD4T,,,,Acoustica Audio,https://www.acustica-audio.com/store/products/gold,https://www.acustica-audio.com/system/akfp/file_entries/files/000/001/449/original/Gold4_Channelstrip_teasers_004.png?1597150683,TRUE,5,,,
Initial Reverse,,,,Initial Audio,https://initialaudio.com/product/reverse-plugin/,https://initialaudio.com/wp-content/uploads/2019/01/Reverse-Effect-Plugin.png,FALSE,4,,,
IVGI2,,,,Klanghelm,https://klanghelm.com/contents/products/IVGI.php,https://klanghelm.com/assets/img/IVGI/IVGI.jpg,TRUE,4,,,
iZotope BreakTweaker,,,,Izotope,https://www.izotope.com/en/products/breaktweaker.html,https://www.izotope.com/en/products/breaktweaker/_jcr_content/root/flexcontainer/sectioncontainer_146/flexcontainer/teaser/image.coreimg.82.1280.jpeg/1643207302753/breaksteaker-side-by-sides-high-res-beat-editing.jpeg,FALSE,3,,,
iZotope Iris 2,,,,Izotope,https://www.izotope.com/en/shop/iris-2.html,https://www.izotope.com/content/dam/izo/product-web-tour/iris/iris-2/pdp/iris-2-main-interface.png,TRUE,3,,,
iZotope Trash 2,,,,Izotope,https://www.izotope.com/en/shop/trash-2.html,https://www.izotope.com/content/dam/izo/learn/2020/q2/4-ways-to-add-augment-or-excite-upper-harmonics/19-trash-2-vocal.png,FALSE,3,,,
JAMP,,,,Analog Obsession,https://www.patreon.com/posts/jamp-34306450,https://c10.patreonusercontent.com/4/patreon-media/p/post/34306450/39908ce5d88d4175801ed4e01c18ab93/eyJ3Ijo2MjB9/1.png?token-time=1657756800&token-hash=3YHxAkX-38M9XgrEMR0D4iL6c8ZZle4ob33HAwgnVqI%3D,FALSE,3,,,
JET,,,,Acoustica Audio,https://www.acustica-audio.com/store/products/jetvolumea,https://www.acustica-audio.com/system/akfp/file_entries/files/000/002/201/original/nwImage20220622091503.png?1655882162,FALSE,3,,,
JETMIX,,,,Acoustica Audio,https://www.acustica-audio.com/store/products/jetvolumea,https://www.acustica-audio.com/system/akfp/file_entries/files/000/002/201/original/nwImage20220622091503.png?1655882162,FALSE,3,,,
JV-XP Editor-DUP.vst,,,,ctrlr,https://ctrlr.org/jv-xp-editor-for-roland-jv1080-jv2080-xp30-xp50-and-xp80-series-synthesizers/,http://ctrlr.org/wp-content/uploads/2018/03/JV-XP-Editor_2-768x534.png,FALSE,3,,,
KABIN-new,,,,Analog Obsession,https://www.patreon.com/posts/kabin-43454405,https://c10.patreonusercontent.com/4/patreon-media/p/post/43454405/bb71e2fddd1f417d9b9f3fdc7da8429d/eyJ3Ijo2MjB9/1.png?token-time=1657843200&token-hash=94UCNRzlBHouHeFy295wMjYO2ccB4jQgv0bBZhOwavU%3D,FALSE,3,,,
Knif Audio Knifonium,,,,Brainworx,https://www.plugin-alliance.com/en/products/knif_audio_knifonium.html,https://imgs.search.brave.com/hRHPxW8kOAyarO6u9QuPFzUirEyJNdv1mFejH9ZU04Q/rs:fit:660:375:1/g:ce/aHR0cHM6Ly93d3cu/YXR0YWNrbWFnYXpp/bmUuY29tL3dwLWNv/bnRlbnQvdXBsb2Fk/cy8yMDIwLzA4L1Nj/cmVlbi1TaG90LTIw/MjAtMDgtMDYtYXQt/MTUuNTIuMjMtNjYw/eDM3NS5wbmc,TRUE,5,,,
Krush,,,,tritik,https://www.tritik.com/product/krush/,https://cdn.tritik.com/uploads/krush_v1.0.2_dark.png,FALSE,3,,,
LALA,,,,Analog Obsession,https://www.patreon.com/posts/lala-36128829,https://c10.patreonusercontent.com/4/patreon-media/p/post/36128829/17619d558304448aaf69e35344a72a5c/eyJ3Ijo2MjB9/1.jpg?token-time=1657843200&token-hash=NtbNa080OrPvmbTlmPwL4Kia4o3k4mwhdRqSBhLTtxU%3D,FALSE,3,,,
Lifeline Expanse,,,,Excite Audio,https://www.excite-audio.com/plugins/lifeline-expanse,https://imgs.search.brave.com/xHX-Gh259ZRTWyvZS-f5X0RKhToR0ksbqbevHIkcE_0/rs:fit:860:225:1/g:ce/aHR0cHM6Ly90c2U0/Lm1tLmJpbmcubmV0/L3RoP2lkPU9JUC5X/OVZud21MYzhoaGFn/UUE2X3JmUUtRSGFF/RiZwaWQ9QXBp,FALSE,3,,,
Lindell 50 Buss,,,,Lindell Audio,https://www.plugin-alliance.com/en/products/lindell_50_series.html,https://img.miditalk.com/files/attach/images/2021/01/12/2c4136ed43bd904108d7c26df60c6632.jpg,TRUE,4,,,
Lindell 50 Channel,,,,Lindell Audio,https://www.plugin-alliance.com/en/products/lindell_50_series.html,https://imgs.search.brave.com/zVvblJxOFjbFw-3ajFmpT4ow9PcON9qS86egsRzvh_8/rs:fit:1200:1200:1/g:ce/aHR0cHM6Ly9pMC53/cC5jb20vd3d3LmF1/ZGlvbXVzaWNhZGln/aXRhbC5jb20vd3At/Y29udGVudC91cGxv/YWRzLzIwMjEvMDEv/UGx1Z2luLUFsbGlh/bmNlX0xpbmRlbGwt/QXVkaW8tNTAtU2Vy/aWVzLmpwZz9maXQ9/MTkyMCUyQzE2MTIm/c3NsPTE,TRUE,4,,,
Maag EQ2,,,,Maag,https://www.plugin-alliance.com/en/products/maag_eq2.html,https://imgs.search.brave.com/KWoQHwlFNJAYMkCH19j-KlYEhTImKyr6ifyD3_2wfJk/rs:fit:1200:771:1/g:ce/aHR0cHM6Ly9maWxl/cy5wbHVnaW4tYWxs/aWFuY2UuY29tL3By/b2R1Y3RzL21hYWdf/ZXEyL2ltYWdlcy9j/YXJvdXNlbC9tYWFn/LWVxMi0wMS5wbmc,TRUE,4,,,
Melodyne,,,,celemony,https://www.celemony.com/en/start,https://static.kvraudio.com/i/b/melodyne_editor.1295362335.jpg,TRUE,4,,,
Mini V3,,,,Arturia,https://www.arturia.com/products/software-instruments/mini-v/overview,https://www.16sounds.com/ImageGen.ashx?image=/images/plugins/Mini.jpg&compression=70,FALSE,3,,,
MJUC,,,,Klanghelm,https://klanghelm.com/contents/products/MJUC.html,https://klanghelm.com/assets/img/MJUC/MJUC1.jpg,TRUE,4,,,
Monique,,,,Monoplugs,https://www.producersphere.com/monoplugs-monique-free-vst-synth/,https://www.producersphere.com/wp-content/uploads/2020/10/Monoplugs-Monique-1-free-plugin-synth.png?ezimgfmt=ng%3Awebp%2Fngcb1%2Frs%3Adevice%2Frscb1-1,FALSE,3,,,
Nectar 3 Elements,,,,Izotope,https://www.izotope.com/en/products/nectar/features.html,https://www.izotope.com/en/products/nectar/features/_jcr_content/root/flexcontainer/sectioncontainer/flexcontainer/flexcontainer/image_copy.coreimg.82.1280.jpeg/1643230351894/nectar-3-module-equalizer.jpeg,FALSE,3,,,
NEOLD BIG AL,,,,NEOLD,https://www.neold.com/big-al,https://www.themusictelegraph.com/imgdata/themusictelegraph_com/202102/2021020927093745.jpeg,TRUE,4,,,
NEOLD V76U73,,,,NEOLD,https://www.neold.com/v76u73,https://happymag.tv/wp-content/uploads/2020/08/NEOLD-V76U73-hardware.jpg,TRUE,5,,,
NEOLD WARBLE,,,,NEOLD,https://www.plugin-alliance.com/en/products/neold_warble.html,https://nulldown.com/wp-content/uploads/2021/12/Screen-Shot-2021-11-17-at-16.jpg,TRUE,4,,,
Neutron 3 Visual Mixer,,,,Izotope,https://www.izotope.com/en/products/visual-mixer.html,https://www.izotope.com/content/izotope/en/learn/rethinking-audio-production-with-neutron-3-visual-mixer/jcr%3acontent/root/sectioncontainer_main/flexcontainer/flexcontainer_center/flexcontainer_center_top/image.coreimg.82.1280.png/1590860040668.png,FALSE,3,,,
Neutron 3,,,,Izotope,https://www.izotope.com/en/products/neutron.html,https://www.audiodeluxe.com/sites/default/files/products/neutron_3_standard_exciter.png,FALSE,3,,,
Ozone 9,,,,Izotope,https://www.izotope.com/en/products/ozone.html,https://www.izotope.com/en/products/ozone/_jcr_content/root/flexcontainer/sectioncontainer_186/flexcontainer/teaser/image.coreimg.82.1280.png/1652997182173/standard-master-assistant.png,TRUE,5,,,
PreBOX-new,,,,Analog Obsession,https://www.patreon.com/posts/prebox-36362672,https://c10.patreonusercontent.com/4/patreon-media/p/post/36362672/3a8cac36eede4e349b05b0698492733a/eyJ3Ijo2MjB9/1.png?token-time=1657843200&token-hash=iXpnzxS-z8W78_2MazFFQzvDaznPAm-VWbUGen_cFKU%3D,FALSE,3,,,
PREDD,,,,Analog Obsession,https://www.patreon.com/posts/predd-57672680,https://c10.patreonusercontent.com/4/patreon-media/p/post/57672680/0737ccc356844200b628ec01a5dbe858/eyJ3Ijo2MjB9/1.png?token-time=1657843200&token-hash=IJyVGVTlYHO8dkQPTOww_ojmXgEh04AZZYI5m_1XOw4%3D,FALSE,3,,,
PianoVerb,,,,PSP Audioware,https://www.pspaudioware.com/products/psp-pianoverb,https://1.bp.blogspot.com/--st9G2XKIdQ/UWHBF6VyNPI/AAAAAAAAAG8/d-1jSEwmEIA/s1600/PSP_PianoVerb2.jpg,FALSE,3,,,
Regressif,,,,iNear Display,https://www.ineardisplay.com/plugins/regressif/,https://www.ineardisplay.com/assets/Regressif/Regressif.png,FALSE,3,,,
Relay,,,,Izotope,https://www.izotope.com/en/products/insight/features/relay.html,https://www.izotope.com/en/products/insight/features/relay/_jcr_content/root/flexcontainer/sectioncontainer_cop/flexcontainer/flexcontainer_1739674494/image.coreimg.82.1280.jpeg/1641329684991/nectar-3-plugin-relay.jpeg,FALSE,3,,,
Rev PLATE-140,,,,Arturia,https://www.pluginboutique.com/product/2-Effects/17-Reverb/6637-Rev-PLATE-140,https://www.pluginboutique.com//system/resources/srcs/000/061/891/original/rev_plate_140_pluginboutique.jpg?1627484216,FALSE,4,,,
RomPlay 2,,,,Electronik Sound Lab,https://electroniksoundlab.com/free-stuff/,https://electroniksoundlab.com/wp-content/uploads/2020/06/ROMPLAY-2.png,TRUE,5,,,
RT-7070,,,,Electronik Sound Lab,https://electroniksoundlab.com/free-stuff/,https://electroniksoundlab.com/wp-content/uploads/2020/05/RT-7070.png,FALSE,3,,,
RVK-808,,,,Electronik Sound Lab,https://electroniksoundlab.com/free-stuff/,https://electroniksoundlab.com/wp-content/uploads/2020/05/RVK-808.png,FALSE,3,,,
RX 8 De-click,,,,Izotope,https://www.izotope.com/en/products/rx/features/mouth-de-click.html,https://www.izotope.com/en/products/rx/features/mouth-de-click/_jcr_content/root/flexcontainer/sectioncontainer_cop/flexcontainer/flexcontainer_1739674494/image.coreimg.82.1280.png/1634136501229/mouth-de-click%402x.png,TRUE,5,,,
RX 8 De-clip,,,,Izotope,https://www.izotope.com/en/products/rx/features/de-clip.html,https://www.izotope.com/en/products/rx/features/de-clip/_jcr_content/root/flexcontainer/sectioncontainer_cop/flexcontainer/flexcontainer_1739674494/image.coreimg.82.1280.png/1641332120758/2a-de-clip-module.png,TRUE,5,,,
RX 8 De-hum,,,,Izotope,https://www.izotope.com/en/products/rx/features/de-hum.html,https://www.izotope.com/en/products/rx/features/de-hum/_jcr_content/root/flexcontainer/sectioncontainer_cop/flexcontainer/flexcontainer_1739674494/image_1617413457.coreimg.82.1280.png/1641332359442/rx-9-adv-de-hum-ui-2x.png,TRUE,5,,,
RX 8 Voice De-noise,,,,Izotope,https://www.izotope.com/en/products/rx/features/voice-de-noise.html,https://www.izotope.com/en/products/rx/features/voice-de-noise/_jcr_content/root/flexcontainer/sectioncontainer_cop/flexcontainer/flexcontainer_1739674494/image.coreimg.82.1280.png/1641330977009/voice-de-noise%402x.png,TRUE,5,,,
Schoeps Double MS,,,,SCHOEPS,https://www.plugin-alliance.com/en/products/schoeps_double_ms.html,https://imgs.search.brave.com/DkiVsGAQFNzX643zeE_KOp4pkxcmahkkaIlibOCCKeM/rs:fit:1024:513:1/g:ce/aHR0cHM6Ly9pbWcu/YXVkaW9mYW56aW5l/LmNvbS9pbWFnZXMv/dS9wcm9kdWN0L25v/cm1hbC9zY2hvZXBz/LWRvdWJsZS1tcy0y/NzQ1MzEuanBn,FALSE,3,,,
Sensuous,,,,Fabric 70,https://www.looperman.com/free-music-software/detail/fabric-70-sensuous,https://www.looperman.com/media/software/0001241/looperman-software-0001241-main.jpg,FALSE,3,,,
Seventh Heaven,,,,LiquidSonics,https://www.liquidsonics.com/software/seventh-heaven/?v=7516fd43adaa,https://www.liquidsonics.com/wp-content/uploads/2019/06/Seventh-Heaven-Title-Shot.jpg,TRUE,4,,,
Shadow Hills Mastering Compressor,,,,Brainworx,https://www.plugin-alliance.com/en/products/shadow_hills_mastering_compressor.html,https://i.ebayimg.com/images/g/aTAAAOSwepleFhwj/s-l400.jpg,FALSE,3,,,
SIENNA GURU FREE,,,,Acoustica Audio,https://www.acustica-audio.com/pages/specials/sienna-free,https://www.acustica-audio.com/pictures/W1siZiIsIjIwMjEvMDcvMDYvZ2ZoOGc0MHVvX0ltYWdlMjAyMTA3MDYxNDIxMDgucG5nIl1d/Image20210706142108.png?sha=f96c24d078ac7ab6,FALSE,3,,,
SIENNA ROOMS FREE,,,,Acoustica Audio,https://www.acustica-audio.com/pages/specials/sienna-free,https://www.acustica-audio.com/pictures/W1siZiIsIjIwMjEvMDcvMDYvZ2ZoOGc0MHVvX0ltYWdlMjAyMTA3MDYxNDIxMDgucG5nIl1d/Image20210706142108.png?sha=f96c24d078ac7ab6,FALSE,3,,,
SILVER,,,,Acoustica Audio,https://www.acustica-audio.com/store/t/acqua/fx/reverb/silver,https://www.acustica-audio.com/spree/products/1860/original/SILVER_AQW.png?1632221060,FALSE,3,,,
SPECOMP,,,,Analog Obsession,https://www.patreon.com/posts/specomp-51285294,https://c10.patreonusercontent.com/4/patreon-media/p/post/51285294/25e1db2bc3584235aefa48173365d57b/eyJ3Ijo2MjB9/1.png?token-time=1657843200&token-hash=b33WI_8_kRegwBFzGoPknrrZRAUQKngERayWlBANY84%3D,FALSE,3,,,
SPL Free Ranger,,,,Brainworx,https://www.plugin-alliance.com/en/products/spl_free_ranger.html,https://external-content.duckduckgo.com/iu/?u=https%3A%2F%2Ftse4.mm.bing.net%2Fth%3Fid%3DOIP.V8VUWR2jFDutgACHbd42VQAAAA%26pid%3DApi&f=1,FALSE,3,,,
SPL IRON,,,,Brainworx,https://www.plugin-alliance.com/en/products/spl_iron.html,https://www.brainworx.audio/assets/images/7/bx_SPL_Iron_Black_Action1920x880-b519eba7.png,TRUE,5,,,
SPL Passeq,,,,Brainworx,https://www.plugin-alliance.com/en/products/spl_passeq.html,https://external-content.duckduckgo.com/iu/?u=https%3A%2F%2Fwww.audiopro.hr%2Fimages%2Fartikli%2Fmedium%2FSPL_Passeq_photo_1.jpg&f=1&nofb=1,TRUE,5,,,
SSL Native Bus Compressor 2,,,,SSL,https://store.solidstatelogic.com/plug-ins/ssl-native-bus-compressor-2,https://www.solidstatelogic.com/assets/components/phpthumbof/cache/Bus%20Comp%202%20product%20page%20image.43741efcd9b28ae49cfca78c5597f775.jpg,TRUE,4,,,
SSL Native Channel Strip 2,,,,SSL,https://store.solidstatelogic.com/plug-ins/ssl-native-channel-strip-2,https://www.solidstatelogic.com/assets/components/phpthumbof/cache/Channel_Strip_2_outer_glow.64a3a425fa25cd709b5d4ec9f5218193.jpg,TRUE,4,,,
Stage-73 V2,,,,Arturia,https://www.arturia.com/products/software-instruments/stage-73-v/overview,https://audioz.download/uploads/posts/2021-05/1620069851_murcg25.jpg,FALSE,3,,,
StereoDelta,,,,Matthew Lane,https://www.mathewlane.com/plugins/stereodelta/,https://www.mathewlane.com/mlmosssite/wp-content/uploads/edd/2021/04/Mathew_Lane_StereoDelta_Screenshot_GLOW-330x330.png,TRUE,4,,,
Stutter Edit 2,,,,Izotope,https://www.izotope.com/en/products/stutter-edit.html?utm_medium=cpc&utm_source=bing&utm_campaign=SU_GN_SE_BR_UU_US_Other-Plugins&utm_content=Stutter-Edit-iZotope_BM&utm_term=%2Bizotope%20%2Bstutter%20%2Bedit%7Cp%7Ckwd-81364006614055:loc-190%7Cc%7C%7C81363929496479&utm_creative=&msclkid=a4b9dcedefa61908103dbe504aeaf90c,https://www.amazona.de/wp-content/uploads/2025/01/izotope-stutter-edit-2-user-interface-448x352.png,TRUE,5,,,
Subdivine,,,,DigiNoiz,https://diginoiz.com/series/free-vst-instrument-subdivine-lite/,https://www.producerspot.com/wp-content/uploads/2020/09/Diginoiz-Subdivine-VST-400x283.jpg,FALSE,3,,,
Surge,,,,Surge,https://surge-synthesizer.github.io,https://audioz.download/uploads/posts/2020-08/thumbs/1597016389_surge-1.7.0.jpeg,FALSE,3,,,
TAL-NoiseMaker,,,,TAL,https://tal-software.com/products/tal-noisemaker,https://tal-software.com/images/products/tal-noisemaker-new2.png,FALSE,3,,,
TAN,,,,Acoustica Audio,https://www.audiopluginsforfree.com/tan-free/,https://i0.wp.com/www.audiopluginsforfree.com/wp-content/uploads/2016/07/tan-free.jpg?w=1652&ssl=1,FALSE,3,,,
Tape Cassette 2,,,,Caelum Audio,https://i.imgur.com/B4C7xG2.png,https://i.imgur.com/B4C7xG2.png,FALSE,3,,,
Tape MELLO-FI,,,,Arturia,https://www.arturia.com/products/software-effects/tape-mello-fi/overview,https://www.amazona.de/wp-content/uploads/2027/01/arturia-tape-mello-fi.jpg,FALSE,3,,,
Tape Multi Track,,,,Softube,https://www.softube.com/tape,https://cdn.softube.com/storage/456DB31ADC4DEB6BDD760E9EAE40248D38FF77C1732729E113F0818F0592990A/917842e7431242d7956e4150348472b0/1536-682-0-jpg.Jpeg/media/35c2cea8b01645b7a39b4d1c50c7e84c/tape-high-res-gui-2040px.jpeg,FALSE,3,,,
Tape,,,,Softube,https://www.softube.com/tape,https://cdn.softube.com/storage/456DB31ADC4DEB6BDD760E9EAE40248D38FF77C1732729E113F0818F0592990A/917842e7431242d7956e4150348472b0/1536-682-0-jpg.Jpeg/media/35c2cea8b01645b7a39b4d1c50c7e84c/tape-high-res-gui-2040px.jpeg,TRUE,5,,,
TDR Kotelnikov GE,,,,Tokyo Dawn Records,https://www.tokyodawn.net/tdr-kotelnikov-ge/,https://www.tokyodawn.net/wp-content/uploads/2018/06/KotelnikovGE_3.png,TRUE,4,,,
TDR Limiter 6 GE,,,,Tokyo Dawn Records,https://www.tokyodawn.net/tdr-limiter6-ge/,https://www.tokyodawn.net/wp-content/uploads/2018/11/Seite-1-Kopie-2.png,TRUE,4,,,
TDR Nova,,,,Tokyo Dawn Records,https://www.tokyodawn.net/tdr-nova/,https://www.tokyodawn.net/wp-content/uploads/2018/11/Seite-1-Kopie-3-1.png,FALSE,3,,,
TDR VOS SlickEQ,,,,Tokyo Dawn Records,https://www.tokyodawn.net/tdr-vos-slickeq/,https://www.tokyodawn.net/wp-content/uploads/2014/06/SlickEQ_purple_flat.jpg,FALSE,3,,,
TiCo,,,,Matthew Lane,https://www.mathewlane.com/plugins/tico/,https://www.mathewlane.com/mlmosssite/wp-content/uploads/edd/2021/04/Mathew_Lane_TiCo_Screenshot_GLOW.png,TRUE,5,,,
TITANIUM3BASSTARD,,,,Acoustica Audio,https://www.kvraudio.com/product/basstard-by-acustica-audio,https://static.kvraudio.com/i/b/titanium3+basstard+teaser+004.png,TRUE,3,,,
trapdrive,,,,DigiNoiz,https://audioplugin.deals/trapdrive-by-diginoiz/,https://static.kvraudio.com/i/b/trapdrive.jpg,FALSE,3,,,
TuPRE,,,,Ana,https://www.patreon.com/posts/tupre-40079199,https://c10.patreonusercontent.com/4/patreon-media/p/post/40079199/de36937cb9cf4a6eb0ec083209958608/eyJ3Ijo2MjB9/1.png?token-time=1657843200&token-hash=iMkNXqbgvqKKTff8PtZqKFLMETPWJ4KnvN-Ut3LolxE%3D,FALSE,3,,,
Unfiltered Audio Sandman Pro,,,,Unfiltered Audio,https://www.plugin-alliance.com/en/products/unfiltered_audio_sandman_pro.html,https://cdn.shopify.com/s/files/1/1439/4216/products/SandmanPro_dark.png?v=1505707279,TRUE,4,,,
UVIWorkstation,,,,UVI,https://www.uvi.net/uvi-workstation.html,https://www.uvi.net/img/cms/UVI_Workstation/UVIW_GUIS.gif,TRUE,4,,,
ValhallaFreqEcho,,,,Valhalla,https://valhalladsp.com/shop/delay/valhalla-freq-echo/,https://valhalladsp.com/wp-content/uploads/2014/06/ValhallaFreqEcho-1-960x413.jpg,TRUE,3,,,
ValhallaSpaceModulator,,,,Valhalla,https://valhalladsp.com/shop/modulation/valhalla-space-modulator/,https://valhalladsp.com/wp-content/uploads/2016/06/ValhallaSpaceModGUI-960x437.jpg,TRUE,3,,,
ValhallaSupermassive,,,,Valhalla,https://valhalladsp.com/shop/reverb/valhalla-supermassive/,https://valhalladsp.com/wp-content/uploads/2020/05/Supermassive-GUI-960x509.jpg,TRUE,4,,,
ValhallaVintageVerb,,,,Valhalla,https://valhalladsp.com/shop/reverb/valhalla-vintage-verb/,https://valhalladsp.com/wp-content/uploads/2014/11/ValhallaVintageVerb70sGUI-960x384.jpg,TRUE,4,,,
Vertigo VSM-3,,,,Vertigo Sound,https://www.plugin-alliance.com/en/products/vertigo_vsm-3.html,https://iconcollective.edu/wp-content/uploads/brainworx-Vertigo-VSM-3.jpg,TRUE,4,,,
Vinyl,,,,Izotope,https://www.izotope.com/en/products/vinyl.html,https://www.izotope.com/en/products/vinyl/_jcr_content/root/flexcontainer/sectioncontainer_186/flexcontainer/teaser/image.coreimg.82.1280.png/1643312413863/02-vinyl-on-drums.png,FALSE,3,,,
Vital,,,,Vital Audio,https://vital.audio/,https://cdn.rekkerd.org/wp-content/uploads/2020/11/Vital-synthesizer.png,FALSE,3,,,
Vybz,,,,Thenatan,https://www.thenatan.store/p/vybz-fx-plugin/,https://x3i4u3r4.stackpathcdn.com/wp-custom-content/uploads/2021/02/Vybez-Hero-IMG001.webp?ext=jpg&w=800,FALSE,4,,,
EchoBoy,,,,Soundtoys,https://www.soundtoys.com/product/,https://www.soundtoys.com/wp-content/uploads/2015/06/echoboy-400x182.png,TRUE,5,,,
Decapitator,,,,Soundtoys,https://www.soundtoys.com/product/,https://www.soundtoys.com/wp-content/uploads/2015/06/Decapitator-400x194.png,TRUE,4,,,
MicroShift,,,,Soundtoys,https://www.soundtoys.com/product/,https://www.soundtoys.com/wp-content/uploads/2015/06/MicroShift-400x130.png,FALSE,4,,,
LittlePlate,,,,Soundtoys,https://www.soundtoys.com/product/,https://www.soundtoys.com/wp-content/uploads/Little-Plate-FINAL-v2-1600x519-1-400x130.png,TRUE,4,,,
Sie-Q,,,,Soundtoys,https://www.soundtoys.com/product/,https://www.soundtoys.com/wp-content/uploads/Sie-Q_Full-400x110.png,TRUE,4,,,
Radiator,,,,Soundtoys,https://www.soundtoys.com/product/,https://www.soundtoys.com/wp-content/uploads/2015/06/Radiator-400x130.png,TRUE,4,,,
Tremolator,,,,Soundtoys,https://www.soundtoys.com/product/,https://www.soundtoys.com/wp-content/uploads/Tremolator-400x130.png,TRUE,4,,,
PrimalTap,,,,Soundtoys,https://www.soundtoys.com/product/,https://www.soundtoys.com/wp-content/uploads/2015/07/PrimalTap-Main-GUI-400x130.png,TRUE,4,,,
FilterFreak,,,,Soundtoys,https://www.soundtoys.com/product/,https://www.soundtoys.com/wp-content/uploads/2015/06/FilterFreak-400x178.png,TRUE,4,,,
PhaseMistress,,,,Soundtoys,https://www.soundtoys.com/product/,https://www.soundtoys.com/wp-content/uploads/2015/06/PhaseMistress-400x130.png,TRUE,4,,,
Crystallizer,,,,Soundtoys,https://www.soundtoys.com/product/,https://www.soundtoys.com/wp-content/uploads/2015/06/Crystallizer-400x130.png,TRUE,5,,,
PanMan,,,,Soundtoys,https://www.soundtoys.com/product/,https://www.soundtoys.com/wp-content/uploads/2015/06/PanMan-400x130.png,TRUE,4,,,
Devil-Loc Delux,,,,Soundtoys,https://www.soundtoys.com/product/,https://www.soundtoys.com/wp-content/uploads/2015/06/Devil-Loc-Deluxe-400x130.png,TRUE,4,,,
FilterFreak 2,,,,Soundtoys,https://www.soundtoys.com/product/,https://www.soundtoys.com/wp-content/uploads/2015/06/FilterFreak-400x178.png,TRUE,4,,,
EchoBoy Jr,,,,Soundtoys,https://www.soundtoys.com/product/,https://www.soundtoys.com/wp-content/uploads/EchoBoyJr-Web-2x-PM-400x130.png,FALSE,4,,,
VD-PHAT,,,,ujam,https://www.ujam.com/drummer/phat/,https://www.ujam.com/fileadmin/products/Drummer/Phat/virtual-drummer-phat-gui.jpg,FALSE,3,,,
TyrellN6,,,,u-he,https://u-he.com/products/tyrelln6/,https://u-he.com/products/tyrelln6/assets/images/uhe-tyrelln6-screenshot-fullui-1150x575.jpg,FALSE,3,,,
Bass Rider,,,,Waves,https://www.waves.com/plugins/bass-rider,https://img.wavescdn.com/1lib/images/products/plugins/preview/bass-rider.png,TRUE,4,,,
Brauer Motion,,,,Waves,https://www.waves.com/plugins/brauer-motion#brauer-motion-plugin-tutorial,https://img.wavescdn.com/1lib/images/products/plugins/preview/brauer-motion.png,FALSE,4,,,
CLA-76 ,,,,Waves,https://www.waves.com/plugins/cla-76-compressor-limiter#chris-lord-alge-on-the-cla-classic-compressors,https://img.wavescdn.com/1lib/images/products/plugins/full/cla-76-compressor-limiter-v2.jpg,TRUE,4,,,
COSMOS Sample Finder ,,,,Waves,https://www.waves.com/plugins/cosmos-sample-finder#introducing-cosmos-sample-finder,https://img.wavescdn.com/1lib/images/products/plugins/preview/cosmos-sample-finder-v2.png,FALSE,3,,,
InPhase,,,,Waves,https://www.waves.com/plugins/inphase-lt,https://img.wavescdn.com/1lib/images/products/plugins/preview/inphase-lt.png,FALSE,3,,,
Lofi Space,,,,Waves,https://www.waves.com/plugins/lofi-space,https://img.wavescdn.com/1lib/images/products/plugins/preview/lofi-space.png,FALSE,3,,,
NLS Non-Linear Summer ,,,,Waves,https://www.waves.com/plugins/nls-non-linear-summer,https://img.wavescdn.com/1lib/images/products/plugins/full/nls-channel-spike.jpg,TRUE,5,,,
Nx Ocean Way Nashville,,,,Waves,https://www.waves.com/plugins/nx-ocean-way-nashville,https://img.wavescdn.com/1lib/images/products/plugins/preview/nx-ocean-way-nashville-v2.png,TRUE,4,,,
OneKnob Filter,,,,Waves,https://www.waves.com/plugins/oneknob-filter,https://img.wavescdn.com/1lib/images/products/plugins/full/oneknob-filter.jpg,FALSE,3,,,
OVox Vocal ReSynthesis ,,,,Waves,https://www.waves.com/plugins/ovox-vocal-resynthesis,https://img.wavescdn.com/1lib/images/products/plugins/full/ovox-vocal-resynthesis-v2.jpg,TRUE,4,,,
SoundShifter,,,,Waves,https://www.waves.com/plugins/soundshifter,https://img.wavescdn.com/1lib/images/products/plugins/full/soundshifter-graphic.jpg,TRUE,3,,,
SSL EV2 Channel,,,,Waves,https://www.waves.com/plugins/ssl-ev2-channel,https://img.wavescdn.com/1lib/images/products/plugins/preview/ssl-ev2-channel.png,FALSE,3,,,
WNS Noise Suppressor,,,,Waves,https://www.waves.com/plugins/wns-noise-suppressor,https://img.wavescdn.com/1lib/images/products/plugins/preview/wns-noise-suppressor.png,FALSE,3,,,
Aphex Vintage Aural Exciter,,,,Waves,https://www.waves.com/plugins/aphex-vintage-aural-exciter#image,https://img.wavescdn.com/1lib/images/products/plugins/full/aphex-vintage-aural-exciter.jpg,FALSE,3,,,
L3-16 Multimaximizer,,,,Waves,https://www.waves.com/plugins/l3-16-multimaximizer,https://img.wavescdn.com/1lib/images/products/plugins/preview/l3-16-multimaximizer.png,TRUE,3,,,
SSL E-Channel,,,,Waves,https://www.waves.com/plugins/ssl-e-channel,https://img.wavescdn.com/1lib/images/products/plugins/full/ssl-e-channel-v2.jpg,FALSE,3,,,
Vocal Rider,,,,Waves,https://www.waves.com/plugins/vocal-rider,https://img.wavescdn.com/1lib/images/products/plugins/full/vocal-rider-live.jpg,TRUE,4,,,
AudioTrack,,,,Waves,https://www.waves.com/plugins/audiotrack,https://img.wavescdn.com/1lib/images/products/plugins/preview/audiotrack.png,FALSE,3,,,
C1 Compressor,,,,Waves,https://www.waves.com/plugins/c1-compressor,https://img.wavescdn.com/1lib/images/products/plugins/preview/c1-compressor.png,FALSE,3,,,
C4 Multiband Compressor,,,,Waves,https://www.waves.com/plugins/c4-multiband-compressor#image,https://img.wavescdn.com/1lib/images/products/plugins/full/c4-multiband-compressor.jpg,FALSE,3,,,
DeEsser,,,,Waves,https://www.waves.com/plugins/deesser#introduction-to-waves-deesser,https://img.wavescdn.com/1lib/images/products/plugins/preview/deesser.png,TRUE,4,,,
Doppler,,,,Waves,https://www.waves.com/plugins/doppler,https://img.wavescdn.com/1lib/images/products/plugins/preview/doppler.png,FALSE,3,,,
Doubler,,,,Waves,https://www.waves.com/plugins/doubler,https://img.wavescdn.com/1lib/images/products/plugins/preview/doubler.png,FALSE,3,,,
Eddie Kramer Drum Channel,,,,Waves,https://www.waves.com/plugins/eddie-kramer-drum-channel,https://img.wavescdn.com/1lib/images/products/plugins/preview/eddie-kramer-drum-channel.png,FALSE,3,,,
Electric Grand 80 Piano,,,,Waves,https://www.waves.com/plugins/electric-grand-80-piano#electric-grand-80-piano-virtual-instrument,https://img.wavescdn.com/1lib/images/products/plugins/preview/electric-grand-80-piano.png,FALSE,3,,,
eMo F2 Filter,,,,Waves,https://www.waves.com/plugins/emo-f2-filter,https://img.wavescdn.com/1lib/images/products/plugins/preview/emo-f2-filter.png,FALSE,3,,,
eMo Generator,,,,Waves,https://www.waves.com/plugins/emo-generator,https://img.wavescdn.com/1lib/images/products/plugins/preview/emo-generator.png,FALSE,3,,,
eMo Q4 Equalizer,,,,Waves,https://www.waves.com/plugins/emo-q4-equalizer,https://img.wavescdn.com/1lib/images/products/plugins/preview/emo-q4-equalizer.png,FALSE,3,,,
Enigma,,,,Waves,https://www.waves.com/plugins/enigma,https://img.wavescdn.com/1lib/images/products/plugins/preview/enigma.png,FALSE,3,,,
Greg Wells ToneCentric,,,,Waves,https://www.waves.com/plugins/greg-wells-tonecentric#greg-wells-tonecentric-demo-and-tutorial,https://img.wavescdn.com/1lib/images/products/plugins/preview/greg-wells-tonecentric.png,TRUE,4,,,
GTR3 Amps,,,,Waves,https://www.waves.com/plugins/gtr3-amps,https://img.wavescdn.com/1lib/images/products/plugins/preview/gtr3-amp-clean.png,TRUE,3,,,
GTR3 Stomps,,,,Waves,https://www.waves.com/plugins/gtr3-stomps,https://img.wavescdn.com/1lib/images/products/plugins/preview/gtr3-stomps-1.png,TRUE,3,,,
GTR3 ToolRack,,,,Waves,https://www.waves.com/plugins/gtr3-toolrack,https://img.wavescdn.com/1lib/images/products/plugins/preview/gtr3-tool-rack-1.png,TRUE,3,,,
GTR3 Tuner,,,,Waves,https://www.waves.com/plugins/gtr3-tuner,https://img.wavescdn.com/1lib/images/products/plugins/preview/gtr3-tuner.png,FALSE,3,,,
H-Comp Hybrid Compressor,,,,Waves,https://www.waves.com/plugins/h-comp-hybrid-compressor#introduction-to-h-comp,https://img.wavescdn.com/1lib/images/products/plugins/preview/h-comp-hybrid-compressor.png,FALSE,3,,,
H-Delay Hybrid Delay,,,,Waves,https://www.waves.com/plugins/h-delay-hybrid-delay#delay-on-drums-electronic-music-production,https://img.wavescdn.com/1lib/images/products/plugins/preview/h-delay-hybrid-delay.png,TRUE,4,,,
IR-L Convolution Reverb,,,,Waves,https://www.waves.com/plugins/ir-l-convolution-reverb,https://img.wavescdn.com/1lib/images/products/plugins/preview/ir-l-convolution-reverb.png,FALSE,3,,,
L1 Ultramaximizer,,,,Waves,https://www.waves.com/plugins/l1-ultramaximizer,https://img.wavescdn.com/1lib/images/products/plugins/preview/l1-ultramaximizer.png,FALSE,3,,,
L2 Ultramaximizer,,,,Waves,https://www.waves.com/plugins/l2-ultramaximizer#how-to-limit-mixes-masters-peak-limiters,https://img.wavescdn.com/1lib/images/products/plugins/preview/l2-ultramaximizer.png,FALSE,3,,,
L3 Ultramaximizer,,,,Waves,https://www.waves.com/plugins/l3-ultramaximizer#introduction-to-the-l3-and-l3-ll-multimaximizers,https://img.wavescdn.com/1lib/images/products/plugins/preview/l3-ultramaximizer.png,FALSE,3,,,
L3-LL Ultramaximizer,,,,Waves,https://www.waves.com/plugins/l3-ll-ultramaximizer,https://img.wavescdn.com/1lib/images/products/plugins/preview/l3-ll-ultramaximizer.png,FALSE,3,,,
Linear Phase EQ,,,,Waves,https://www.waves.com/plugins/linear-phase-eq#transparent-equalization-linear-phase-eq,https://img.wavescdn.com/1lib/images/products/plugins/preview/linear-phase-eq.png,TRUE,4,,,
Linear Phase Multiband Compressor,,,,Waves,https://img.wavescdn.com/1lib/images/products/plugins/full/linear-phase-multiband-compressor.jpg,https://www.waves.com/plugins/linear-phase-multiband-compressor,TRUE,4,,,
LoAir,,,,Waves,https://www.waves.com/plugins/loair,https://img.wavescdn.com/1lib/images/products/plugins/preview/loair-surround.png,FALSE,3,,,
MaxxBass,,,,Waves,https://www.waves.com/plugins/maxxbass#adding-deep-low-frequencies-with-maxxbass,https://img.wavescdn.com/1lib/images/products/plugins/preview/maxxbass.png,FALSE,4,,,
MaxxVolume,,,,Waves,https://www.waves.com/plugins/maxxvolume#mix-and-master-with-maxxvolume,https://img.wavescdn.com/1lib/images/products/plugins/preview/maxxvolume.png,TRUE,4,,,
MetaFilter,,,,Waves,https://www.waves.com/plugins/metafilter#metafilter-plugin-tutorial,https://img.wavescdn.com/1lib/images/products/plugins/full/metafilter.jpg,FALSE,3,,,
MetaFlanger,,,,Waves,https://www.waves.com/plugins/metaflanger,https://img.wavescdn.com/1lib/images/products/plugins/preview/metaflanger.png,FALSE,3,,,
MondoMod,,,,Waves,https://www.waves.com/plugins/mondomod,https://img.wavescdn.com/1lib/images/products/plugins/preview/mondomod.png,FALSE,3,,,
MV2,,,,Waves,https://www.waves.com/plugins/mv2,https://img.wavescdn.com/1lib/images/products/plugins/preview/mv2.png,TRUE,4,,,
OneKnob Driver,,,,Waves,https://www.waves.com/plugins/oneknob-driver,https://img.wavescdn.com/1lib/images/products/plugins/preview/oneknob-driver.png,FALSE,3,,,
OneKnob Pumper,,,,Waves,https://www.waves.com/plugins/oneknob-pumper#introducing-oneknob-pumper,https://img.wavescdn.com/1lib/images/products/plugins/preview/oneknob-pumper.png,FALSE,3,,,
PAZ Analyzer,,,,Waves,https://www.waves.com/plugins/paz-analyzer,https://img.wavescdn.com/1lib/images/products/plugins/preview/paz-analyzer.png,TRUE,4,,,
PS22 Stereo Maker,,,,Waves,https://www.waves.com/plugins/ps22-stereo-maker,https://img.wavescdn.com/1lib/images/products/plugins/preview/ps22-stereo-maker.png,FALSE,3,,,
PuigTec EQs,,,,Waves,https://www.waves.com/plugins/puigtec-eqs,https://img.wavescdn.com/1lib/images/products/plugins/preview/puigtec-eqs-v2.png,FALSE,3,,,
Q10 Equalizer,,,,Waves,https://www.waves.com/plugins/q10-equalizer,https://img.wavescdn.com/1lib/images/products/plugins/preview/q10-equalizer.png,FALSE,3,,,
Renaissance Axx,,,,Waves,https://www.waves.com/plugins/renaissance-axx#renaissance-quick-look-r-axx,https://img.wavescdn.com/1lib/images/products/plugins/preview/renaissance-axx-light.png,TRUE,3,,,
Renaissance Bass,,,,Waves,https://www.waves.com/plugins/renaissance-bass#image,https://img.wavescdn.com/1lib/images/products/plugins/preview/renaissance-bass-light.png,TRUE,3,,,
Renaissance Channel,,,,Waves,https://www.waves.com/plugins/renaissance-channel,https://img.wavescdn.com/1lib/images/products/plugins/preview/renaissance-channel-light.png,TRUE,3,,,
Renaissance Compressor,,,,Waves,https://www.waves.com/plugins/renaissance-compressor#mixing-beats-vocals-renaissance-plugins-marioso,https://img.wavescdn.com/1lib/images/products/plugins/preview/renaissance-compressor-v2.png,TRUE,3,,,
Renaissance DeEsser,,,,Waves,https://www.waves.com/plugins/renaissance-deesser#renaissance-quick-look-r-deesser,https://img.wavescdn.com/1lib/images/products/plugins/preview/renaissance-deesser-light.png,TRUE,4,,,
Renaissance Equalizer,,,,Waves,https://www.waves.com/plugins/renaissance-equalizer#mixing-beats-vocals-renaissance-plugins-marioso,https://img.wavescdn.com/1lib/images/products/plugins/preview/renaissance-equalizer-light.png,FALSE,3,,,
Renaissance Reverb,,,,Waves,https://www.waves.com/plugins/renaissance-reverb#mixing-beats-vocals-renaissance-plugins-marioso,https://img.wavescdn.com/1lib/images/products/plugins/preview/renaissance-reverb-light.png,TRUE,4,,,
S1 Stereo Imager,,,,Waves,https://www.waves.com/plugins/s1-stereo-imager#go-wider-than-panning-waves-s1-stereo-imager,https://img.wavescdn.com/1lib/images/products/plugins/preview/s1-stereo-imager.png,FALSE,3,,,
Sibilance,,,,Waves,https://www.waves.com/plugins/sibilance#how-to-fix-harsh-rap-vocals,https://img.wavescdn.com/1lib/images/products/plugins/preview/sibilance.png,TRUE,4,,,
Smack Attack,,,,Waves,https://www.waves.com/plugins/smack-attack-transient-shaper#drum-mixing-tricks-manipulate-pitch-and-attack,https://img.wavescdn.com/1lib/images/products/plugins/preview/smack-attack.png,TRUE,4,,,
Submarine,,,,Waves,https://www.waves.com/plugins/submarine#presenting-submarine-subharmonic-generator-plugin,https://img.wavescdn.com/1lib/images/products/plugins/preview/submarine.png,FALSE,3,,,
SuperTap,,,,Waves,https://www.waves.com/plugins/supertap,https://img.wavescdn.com/1lib/images/products/plugins/preview/supertap.png,FALSE,3,,,
TrueVerb,,,,Waves,https://www.waves.com/plugins/trueverb#using-trueverb-for-creative-reverb-effects,https://img.wavescdn.com/1lib/images/products/plugins/preview/trueverb.png,FALSE,3,,,
UltraPitch,,,,Waves,https://www.waves.com/plugins/ultrapitch,https://img.wavescdn.com/1lib/images/products/plugins/preview/ultrapitch.png,FALSE,3,,,
V-Comp,,,,Waves,https://www.waves.com/plugins/v-comp#eddie-kramer-hardware-modeling-v-series,https://img.wavescdn.com/1lib/images/products/plugins/preview/v-comp.png,FALSE,3,,,
V-EQ3,,,,Waves,https://www.waves.com/plugins/v-eq3#how-to-mix-silky-smooth-vocals-with-v-series,https://img.wavescdn.com/1lib/images/products/plugins/preview/v-eq3.png,TRUE,3,,,
V-EQ4,,,,Waves,https://www.waves.com/plugins/v-eq4#how-to-mix-silky-smooth-vocals-with-v-series,https://img.wavescdn.com/1lib/images/products/plugins/preview/v-eq4.png,TRUE,3,,,
Vitamin Sonic Enhancer,,,,Waves,https://www.waves.com/plugins/vitamin#when-eq-isnt-enough-to-boost-masters-vitamin,https://img.wavescdn.com/1lib/images/products/plugins/preview/vitamin.png,FALSE,3,,,
VU Meter,,,,Waves,https://www.waves.com/plugins/vu-meter,https://img.wavescdn.com/1lib/images/products/plugins/preview/vu-meter.png,FALSE,4,,,
Waves Tune LT,,,,Waves,https://www.waves.com/plugins/waves-tune-lt,https://img.wavescdn.com/1lib/images/products/plugins/preview/tune-lt.png,FALSE,3,,,
Mojito,,,,Presonus,https://s1manual.presonus.com/Content/Built-In_Instruments_Topics/Mojito.htm,https://s1manual.presonus.com/Content/Resources/Images/StudioOneImages/Instruments/Mojito.png,FALSE,3,,,
Mai Tai,,,,Presonus,https://shop.presonus.com/Studio-One-Prime-Mai-Tai,https://blog.presonus.com/wp-content/uploads/2019/04/Mai-Tai.png,FALSE,3,,,
Impact XT,,,,Presonus,https://s1manual.presonus.com/Content/Built-In_Instruments_Topics/Impact%20XT.htm,https://s1manual.presonus.com/Content/Resources/Images/StudioOneImages/SO4%20-%20Impact%20XT%20-%20Loaded.png,FALSE,3,,,
Sample One XT,,,,Presonus,https://s1manual.presonus.com/Content/Built-In_Instruments_Topics/SampleOne%20XT.htm,https://s1manual.presonus.com/Content/Resources/Images/StudioOneImages/SO4%20-%20Sample%20One%20XT%20-%20Wave.png,FALSE,3,,,
Presence XT,,,,Presonus,https://s1manual.presonus.com/Content/Built-In_Instruments_Topics/Presence_XT.htm,https://s1manual.presonus.com/Content/Resources/Images/StudioOneImages/PresenceXTMain2.png,FALSE,3,,,
HatefishRhyGeneratorOne,,,,Hornet Plugins,https://www.hornetplugins.com/plugins/hatefish-rhygenerator-one/,https://www.hornetplugins.com/wp-content/uploads/edd/2019/12/Screenshot-RhyGeneratorOne-1.0.0.png,FALSE,3,,,
HoRNet Freqs,,,,Hornet Plugins,https://www.hornetplugins.com/plugins/hornet-freqs/,https://bedroomproducersblog.com/wp-content/uploads/2020/12/hornet-freqs.png,FALSE,3,,,
HoRNetMultiFreqs,,,,Hornet Plugins,https://www.hornetplugins.com/plugins/hornet-multifreqs/,https://static.kvraudio.com/i/b/hornet-multifreqs-digital.png,FALSE,3,,,
HoRNetStereoView,,,,Hornet Plugins,https://www.hornetplugins.com/plugins/hornet-stereoview/,https://external-content.duckduckgo.com/iu/?u=https%3A%2F%2Ftse1.mm.bing.net%2Fth%3Fid%3DOIP.Wz44kAcldsQdBYzRp6fyVwAAAA%26pid%3DApi&f=1,FALSE,3,,,
HoRNetTheNormalizer,,,,Hornet Plugins,https://www.hornetplugins.com/plugins/hornet-thenormalizer/,https://www.hornetplugins.com/wp-content/uploads/edd/2019/12/TheNormalizer-1.2.0.png,FALSE,3,,,
HoRNetTotalEQ,,,,Hornet Plugins,https://www.hornetplugins.com/plugins/hornet-total-eq/,https://i.ytimg.com/vi/yY7-ecCq3mY/maxresdefault.jpg,FALSE,3,,,
HoRNetWahWah,,,,Hornet Plugins,https://www.hornetplugins.com/plugins/hornet-wahwah/,https://www.hornetplugins.com/wp-content/uploads/edd/2017/04/wahwah-screenshot-1.2.png,FALSE,3,,,
EBONY COMP,,,,Acoustica Audio,https://www.acustica-audio.com/store/products/ebony,https://www.acustica-audio.com/system/akfp/file_entries/files/000/000/183/original/Ebony_teaser_014.png?1508854145,TRUE,5,,,
EBONY EQ,,,,Acoustica Audio,https://www.acustica-audio.com/store/products/ebony,https://www.acustica-audio.com/system/akfp/file_entries/files/000/000/183/original/Ebony_teaser_014.png?1508854145,TRUE,5,,,
EBONY PRE,,,,Acoustica Audio,https://www.acustica-audio.com/store/products/ebony,https://www.acustica-audio.com/system/akfp/file_entries/files/000/000/183/original/Ebony_teaser_014.png?1508854145,TRUE,5,,,
EBONY REV,,,,Acoustica Audio,https://www.acustica-audio.com/store/products/ebony,https://www.acustica-audio.com/system/akfp/file_entries/files/000/000/183/original/Ebony_teaser_014.png?1508854145,TRUE,5,,,
Addictive Drums 2,,,,XLN Audio,https://www.xlnaudio.com/products/addictive_drums_2,https://assets.xlnaudio.com/pages/addictive_drums/new/Hero-United-Heavy-1600px.jpg,,,,,
AMBER COMP,,,,Acoustica Audio,https://www.acustica-audio.com/store/products/amber,https://www.acustica-audio.com/spree/products/1296/original/Amber3_COMP_teaser_001.png?1551277873,,,,,
AMBER PRET,,,,Acoustica Audio,https://www.acustica-audio.com/store/products/amber,https://www.acustica-audio.com/spree/products/1299/original/Amber3_PRE_teasers_001.png?1551277933,,,,,
AMBER EQ,,,,Acoustica Audio,https://www.acustica-audio.com/store/products/amber,https://www.acustica-audio.com/spree/products/1300/original/Amber3_EQ_Stereo_teaser_001.png?1551350766,,,,,
AMBER STRIPT,,,,Acoustica Audio,https://www.acustica-audio.com/store/products/amber,https://www.acustica-audio.com/spree/products/1295/original/Amber3_Channelstrip_teaser_001.png?1551277856,,,,,